id_billboard,song_name,artist,lyrics,danceability,energy,key,loudness,mode,speechiness,acousticness,instrumentalness,liveness,valence,time,type,id,track_href,analysis_url,duration_ms,time_signature
71,Sorry - Originally performed by Beyonce,2016 Dynamo Hitz,,0.699,0.526,2,-13.514,1,0.0373,0.00101,0.00165,0.193,0.148,129.98,audio_features,5rzLBhiS7SJy03ZfcTpUSy,https://api.spotify.com/v1/tracks/5rzLBhiS7SJy03ZfcTpUSy,https://api.spotify.com/v1/audio-analysis/5rzLBhiS7SJy03ZfcTpUSy,232934,4
7,Hello,Adele,"Hello, it's me I was wondering if after all these years you'd like to meet To go over everything They say that time's supposed to heal ya But I ain't done much healing Hello, can you hear me? I'm in California dreaming about who we used to be When we were younger and free I've forgotten how it felt Before the world fell at our feet There's such a difference between us And a million miles Hello from the other side I must have called a thousand times To tell you I'm sorry for everything that I've done But when I call you never seem to be home Hello from the outside At least I can say that I've tried To tell you I'm sorry for breaking your heart But it don't matter, it clearly doesn't tear you apart Anymore Hello, how are you? It's so typical of me to talk about myself, I'm sorry I hope that you're well Did you ever make it out of that town Where nothing ever happened? It's no secret that the both of us Are running out of time So hello from the other side (other side) I must have called a thousand times (thousand times) To tell you I'm sorry for everything that I've done But when I call you never seem to be home Hello from the outside (outside) At least I can say that I've tried (I've tried) To tell you I'm sorry for breaking your heart But it don't matter, it clearly doesn't tear you apart Anymore (Highs, highs, highs, highs, lows, lows, lows, lows) Anymore (Highs, highs, highs, highs, lows, lows, lows, lows) Anymore (Highs, highs, highs, highs, lows, lows, lows, lows) Anymore (Highs, highs, highs, highs, lows, lows, lows, lows) Anymore Hello from the other side (other side) I must have called a thousand times (thousand times) To tell you I'm sorry for everything that I've done But when I call you never seem to be home Hello from the outside (outside) At least I can say that I've tried (I've tried) To tell you I'm sorry for breaking your heart But it don't matter, it clearly doesn't tear you apart Anymore",0.481,0.451,5,-6.095,0,0.0347,0.336,0,0.0872,0.287,157.966,audio_features,4sPmO7WMQUAf45kwMOtONw,https://api.spotify.com/v1/tracks/4sPmO7WMQUAf45kwMOtONw,https://api.spotify.com/v1/audio-analysis/4sPmO7WMQUAf45kwMOtONw,295493,4
26,Send My Love (To Your New Lover),Adele,"Just the guitar. OK, cool. This was all you, none of it me You put your hands on, on my body and told me Mmm You told me you were ready For the big one, for the big jump I'd be your last love everlasting you and me Mmm That was what you told me I'm giving you up I've forgiven it all You set me free Send my love to your new lover Treat her better We've gotta let go of all of our ghosts We both know we ain't kids no more Send my love to your new lover Treat her better We've gotta let go of all of our ghosts We both know we ain't kids no more I was too strong, you were trembling You couldn't handle the hot heat rising (rising) Mmm Baby, I'm still rising I was running, you were walking You couldn't keep up, you were falling down (down) Mmm There's only one way down I'm giving you up I've forgiven it all You set me free, oh Send my love to your new lover Treat her better We gotta let go of all of our ghosts We both know we ain't kids no more Send my love to your new lover Treat her better We've gotta let go of all of our ghosts We both know we ain't kids no more If you're ready, if you're ready If you're ready, I'm ready If you're ready, if you're ready We both know we ain't kids no more No, we ain't kids no more I'm giving you up I've forgiven it all You set me free Send my love to your new lover Treat her better We've gotta let go of all of our ghosts We both know we ain't kids no more Send my love to your new lover Treat her better We've gotta let go of all of our ghosts We both know we ain't kids no more If you're ready, if you're ready (send my love to your new lover) If you're ready, I'm ready (treat her better) We've gotta let go of all of our ghosts We both know we ain't kids no more If you're ready, if you're ready (send my love to your new lover) If you're ready, I am ready (treat her better) We've gotta let go of all of our ghosts We both know we ain't kids no more",0.69,0.524,6,-8.39,0,0.103,0.0415,3.16E-06,0.17,0.561,164.023,audio_features,4BHzQ9C00ceJxfG16AlNWb,https://api.spotify.com/v1/tracks/4BHzQ9C00ceJxfG16AlNWb,https://api.spotify.com/v1/audio-analysis/4BHzQ9C00ceJxfG16AlNWb,223080,4
83,When We Were Young,Adele,,0.381,0.594,3,-5.97,1,0.0486,0.348,0,0.0925,0.275,143.86,audio_features,7IWkJwX9C0J7tHurTD7ViL,https://api.spotify.com/v1/tracks/7IWkJwX9C0J7tHurTD7ViL,https://api.spotify.com/v1/audio-analysis/7IWkJwX9C0J7tHurTD7ViL,290907,4
39,Here,Alessia Cara,,0.376,0.81,0,-4.003,1,0.166,0.0844,0,0.073,0.334,123.909,audio_features,664gdARxaClFsoF5SXKOws,https://api.spotify.com/v1/tracks/664gdARxaClFsoF5SXKOws,https://api.spotify.com/v1/audio-analysis/664gdARxaClFsoF5SXKOws,199453,4
36,Dangerous Woman,Ariana Grande,"Oh, yeah Don't need permission Made my decision to test my limits 'Cause it's my business, God as my witness Start what I finished Don't need no hold up Taking control of this kind of moment I'm locked and loaded Completely focused, my mind is open All that you got, skin to skin, oh my God Don't ya stop, boy Somethin' 'bout you makes me feel like a dangerous woman Somethin' 'bout, somethin' 'bout, somethin' 'bout you Makes me wanna do things that I shouldn't Somethin' 'bout, somethin' 'bout, somethin' 'bout Nothing to prove and I'm bulletproof and Know what I'm doing The way we're movin' like introducing Us to a new thing I wanna savor, save it for later The taste of flavor, 'cause I'm a taker 'Cause I'm a giver, it's only nature I live for danger All that you got, skin to skin, oh my God Don't ya stop, boy Somethin' 'bout you makes me feel like a dangerous woman Somethin' 'bout, somethin' 'bout, somethin' 'bout you Makes me wanna do things that I shouldn't Somethin' 'bout, somethin' 'bout, somethin' 'bout you All girls wanna be like that Bad girls underneath, like that You know how I'm feeling inside Somethin' 'bout, somethin' 'bout All girls wanna be like that Bad girls underneath, like that You know how I'm feeling inside Somethin' 'bout, somethin' 'bout Somethin' 'bout you makes me feel like a dangerous woman Somethin' 'bout, somethin' 'bout, somethin' 'bout you Makes me wanna do things that I shouldn't Somethin' 'bout, somethin' 'bout, somethin' 'bout you All girls wanna be like that Bad girls underneath like that You know how I'm feeling inside Somethin' 'bout, somethin' 'bout All girls wanna be like that Bad girls underneath like that You know how I'm feeling inside Somethin' 'bout, somethin' 'bout Yeah, there's somethin' 'bout you boy Yeah, there's somethin' 'bout you boy Yeah, there's somethin' 'bout you boy (somethin' 'bout, somethin' 'bout, somethin' 'bout you) Yeah, there's somethin' 'bout you boy Yeah, there's somethin' 'bout you boy Yeah, there's somethin' 'bout you boy (somethin' 'bout, somethin' 'bout, somethin' 'bout you) ",0.677,0.604,7,-5.32,1,0.0385,0.0612,0,0.353,0.299,134.052,audio_features,2h1IPjP471JJRSShTHRUhi,https://api.spotify.com/v1/tracks/2h1IPjP471JJRSShTHRUhi,https://api.spotify.com/v1/audio-analysis/2h1IPjP471JJRSShTHRUhi,235947,3
51,Into You,Ariana Grande,"I'm so into you, I can barely breathe And all I wanna do is to fall in deep But close ain't close enough 'til we cross the line, hey, yeah So name a game to play, and I'll roll a dice, hey Oh, baby, look what you started The temperature's rising in here Is this gonna happen? Been waiting and waiting for you to make a move (woo, oh, oh, oh) Before I make a move (woo, oh, oh, oh) So, baby, come light me up, and maybe I'll let you on it A little bit dangerous, but, baby, that's how I want it A little less conversation and a little more ""touch my body"" 'Cause I'm so into you, into you, into you Got everyone watchin' us, so, baby, let's keep it secret A little bit scandalous, but, baby, don't let them see it A little less conversation and a little more ""touch my body"" 'Cause I'm so into you, into you, into you, oh yeah This could take some time, hey I made too many mistakes Better get this right, right, baby Oh, baby, look what you started The temperature's rising in here Is this gonna happen? Been waiting and waiting for you to make a move (woo, oh, oh, oh) Before I make a move (woo, oh, oh, oh) So, baby, come light me up, and maybe I'll let you on it A little bit dangerous, but, baby, that's how I want it A little less conversation and a little more ""touch my body"" 'Cause I'm so into you, into you, into you Got everyone watchin' us, so, baby, let's keep it secret A little bit scandalous, but, baby, don't let them see it A little less conversation and a little more ""touch my body"" 'Cause I'm so into you, into you, into you Tell me what you came here for? 'Cause I can't, I can't wait no more I'm on the edge with no control And I need, I need you to know You to know, oh So, baby, come light me up, and maybe I'll let you on it A little bit dangerous, but, baby, that's how I want it A little less conversation and a little more ""touch my body"" 'Cause I'm so into you, into you, into you Got everyone watchin' us, so, baby, let's keep it secret A little bit scandalous, but, baby, don't let them see it A little less conversation and a little more ""touch my body"" 'Cause I'm so into you, into you, into you So come light me up, so come light me up, my baby Little dangerous, a little dangerous, my boy A little less conversation and a little more ""touch my body"" 'Cause I'm so into you, into you, into you ",0.636,0.727,9,-5.852,1,0.106,0.0161,1.12E-06,0.151,0.364,107.988,audio_features,7yHEDfrJNd0zWOfXwydNH0,https://api.spotify.com/v1/tracks/7yHEDfrJNd0zWOfXwydNH0,https://api.spotify.com/v1/audio-analysis/7yHEDfrJNd0zWOfXwydNH0,244453,4
77,Side To Side,Ariana Grande Nicki Minaj,,0.648,0.738,6,-5.883,0,0.247,0.0408,0,0.292,0.606,159.145,audio_features,4pLwZjInHj3SimIyN9SnOz,https://api.spotify.com/v1/tracks/4pLwZjInHj3SimIyN9SnOz,https://api.spotify.com/v1/audio-analysis/4pLwZjInHj3SimIyN9SnOz,226160,4
35,Don't,Bryson Tiller,"Don't Don't play with her, don't be dishonest Still not understanding this logic Aye, I'm back and I'm better I want you bad as ever Don't let me just let up I wanna give you better Baby, it's whatever Somebody gotta step up Girl, I'm that somebody So I'm next up Be damned if I let him catch up It's easy to see that you're fed up I am on a whole 'nother level Girl, he only fucked you over 'cause you let him Fuck 'em, girl, I guess he didn't know any better Girl, that man didn't show any effort Do all I can just to show you you're special Certain it's your love that holds me together Lately you say he been killing the vibe Gotta be sick of this guy Pull up skirt Get in the ride Left hand is steering, the other is gripping your thigh Light up a spliff and get high Shawty, you deserve what you been missing Looking at you I'm thinking he must be tripping Play this song for him tell him just listen Don't play this song for him. Don't Girl, said he keeps on playing games And his loving ain't the same I don't know what to say-ay but What a shame If you were mine you would not get the same If you were mine you would top everything Suicide in the drop switching lanes And that thang so fire, baby, no propane Got good pussy, girl, can I be frank To keep it 100, girl, I ain't no saint But he the only reason that I'm feeling this way Giving you the world, baby, when you get space Pen game get me laid, baby, that's penetrate Oh, baby Don't play this song for him. Ey H-Town got a nigga so throwed Po' up we can party some mo' Yeah got this drink in my cup Got a young nigga feeling so throwed Spit fire and the world so cold Young money got a nigga feeling old Spit fire and the world so cold H-Town got me feeling so throwed H-Town got me feeling so throwed Raw paint in the sip can it fold H-Town got me feeling so throwed Spit fire and the world so cold H-Town got a nigga so throwed Play this song for em. Don't ",0.765,0.356,11,-5.556,0,0.196,0.222,0,0.0963,0.191,97.001,audio_features,3pXF1nA74528Edde4of9CC,https://api.spotify.com/v1/tracks/3pXF1nA74528Edde4of9CC,https://api.spotify.com/v1/audio-analysis/3pXF1nA74528Edde4of9CC,198293,4
53,Exchange,Bryson Tiller,,0.53,0.433,6,-10.598,1,0.185,0.108,0,0.135,0.272,160.14,audio_features,43PuMrRfbyyuz4QpZ3oAwN,https://api.spotify.com/v1/tracks/43PuMrRfbyyuz4QpZ3oAwN,https://api.spotify.com/v1/audio-analysis/43PuMrRfbyyuz4QpZ3oAwN,194613,4
17,This Is What You Came For,Calvin Harris Rihanna,"Baby, this is what you came for Lightning strikes every time she moves And everybody's watching her But she's looking at you, ooh, ooh You, ooh, ooh, you, ooh, ooh You, ooh, ooh, you, ooh, ooh You, ooh, ooh, ooh, ooh, ooh, ooh Baby, this is what you came for Lightning strikes every time she moves And everybody's watching her But she's looking at you, ooh, ooh You, ooh, ooh, you, ooh, ooh You, ooh, ooh, you, ooh, ooh You, ooh, ooh, ooh, ooh, ooh, ooh We go fast with the game we play Who knows why it's gotta be this way We say nothing more than we need I say, ""Your place,"" when we leave Baby, this is what you came for Lightning strikes every time she moves And everybody's watching her But she's looking at you, ooh, ooh You, ooh, ooh, you, ooh, ooh You, ooh, ooh, you, ooh, ooh You, ooh, ooh, ooh, ooh, ooh, ooh You, ooh, ooh You, ooh, ooh, you, ooh, ooh You, ooh, ooh, you, ooh, ooh You, ooh, ooh, ooh, ooh, ooh, ooh Baby, this is what you came for Lightning strikes every time she moves Yeah Baby, this is what you came for Lightning strikes every time she moves And everybody's watching her But she's looking at you, ooh, ooh You, ooh, ooh, you, ooh, ooh You, ooh, ooh, you, ooh, ooh You, ooh, ooh, ooh, ooh, ooh, ooh",0.63,0.928,9,-2.787,0,0.0331,0.199,0.124,0.148,0.46,123.963,audio_features,0azC730Exh71aQlOt9Zj3y,https://api.spotify.com/v1/tracks/0azC730Exh71aQlOt9Zj3y,https://api.spotify.com/v1/audio-analysis/0azC730Exh71aQlOt9Zj3y,222160,4
43,One Call Away,Charlie Puth,,0.667,0.613,1,-5.353,1,0.0344,0.403,0,0.115,0.479,91.024,audio_features,37R0bQOQj5a7DOqh1TGzvB,https://api.spotify.com/v1/tracks/37R0bQOQj5a7DOqh1TGzvB,https://api.spotify.com/v1/audio-analysis/37R0bQOQj5a7DOqh1TGzvB,194453,4
50,We Don't Talk Anymore (feat. Selena Gomez),Charlie Puth Selena Gomez,"[Charlie Puth:] We don't talk anymore We don't talk anymore We don't talk anymore Like we used to do We don't laugh anymore What was all of it for? Oh, we don't talk anymore Like we used to do. I just heard you found the one you've been looking— You've been looking for I wish I would have known that wasn't me 'Cause even after all this time I still wonder Why I can't move on Just the way you did so easily Don't wanna know Kind of dress you're wearing tonight If he's holdin' onto you so tight The way I did before I overdosed Should've known your love was a game Now I can't get you out of my brain Oh, it's such a shame That we don't talk anymore We don't talk anymore We don't talk anymore Like we used to do We don't laugh anymore What was all of it for? Oh, we don't talk anymore Like we used to do [Selena Gomez:] I just hope you're lying next to somebody Who knows how to love you like me There must be a good reason that you're gone Every now and then I think you might want me to Come show up at your door But I'm just too afraid that I'll be wrong Don't wanna know If you're looking into her eyes If she's holdin' onto you so tight The way I did before I overdosed Should've known your love was a game Now I can't get you out of my brain Oh, it's such a shame [Charlie Puth & Selena Gomez:] That we don't talk anymore (we don't, we don't) We don't talk anymore (we don't, we don't) We don't talk anymore Like we used to do We don't laugh anymore (we don't, we don't) What was all of it for? (we don't, we don't) Oh, we don't talk anymore Like we used to do Like we used to do Don't wanna know Kind of dress you're wearing tonight If he's giving it to you just right The way I did before I overdosed Should've known your love was a game Now I can't get you out of my brain Oh, it's such a shame That we don't talk anymore (we don't, we don't) We don't talk anymore (we don't, we don't) We don't talk anymore Like we used to do We don't laugh anymore (we don't, we don't) What was all of it for? (we don't, we don't) Oh, we don't talk anymore Like we used to do We don't talk anymore Don't wanna know Kind of dress you're wearing tonight, oh If he's holding onto you so tight, oh The way I did before We don't talk anymore I overdosed Should've known your love was a game, oh Now I can't get you out of my brain, whoa Oh, it's such a shame That we don't talk anymore ",0.728,0.563,1,-8.053,0,0.134,0.621,0,0.179,0.35,100.017,audio_features,06KyNuuMOX1ROXRhj787tj,https://api.spotify.com/v1/tracks/06KyNuuMOX1ROXRhj787tj,https://api.spotify.com/v1/audio-analysis/06KyNuuMOX1ROXRhj787tj,217707,4
89,Back To Sleep,Chris Brown,,0.647,0.646,9,-5.483,0,0.243,0.0424,0,0.0888,0.712,92.981,audio_features,6dlpABcXrQKRU9G00i6Zba,https://api.spotify.com/v1/tracks/6dlpABcXrQKRU9G00i6Zba,https://api.spotify.com/v1/audio-analysis/6dlpABcXrQKRU9G00i6Zba,201253,4
95,Adventure Of A Lifetime,Coldplay,,0.638,0.924,7,-3.887,1,0.0359,0.00205,0.000173,0.149,0.515,111.995,audio_features,69uxyAqqPIsUyTO8txoP2M,https://api.spotify.com/v1/tracks/69uxyAqqPIsUyTO8txoP2M,https://api.spotify.com/v1/audio-analysis/69uxyAqqPIsUyTO8txoP2M,263787,4
73,Hymn For The Weekend - Seeb Remix,Coldplay Seeb,,0.565,0.849,0,-3.516,0,0.0517,0.00868,4.68E-06,0.12,0.43,102.034,audio_features,6s3GEN8wK0OMzzzZbXj0fu,https://api.spotify.com/v1/tracks/6s3GEN8wK0OMzzzZbXj0fu,https://api.spotify.com/v1/audio-analysis/6s3GEN8wK0OMzzzZbXj0fu,212647,4
78,"Sit Still, Look Pretty",Daya,,0.657,0.739,2,-4.081,1,0.274,0.141,0,0.178,0.551,181.994,audio_features,0Mlm5SrNK34Jqn8Rk1Gs3g,https://api.spotify.com/v1/tracks/0Mlm5SrNK34Jqn8Rk1Gs3g,https://api.spotify.com/v1/audio-analysis/0Mlm5SrNK34Jqn8Rk1Gs3g,202221,4
84,Hide Away,Daya,,0.885,0.801,11,-4.716,0,0.0882,0.225,1.65E-06,0.0733,0.481,95.011,audio_features,6QzJcnl5cvlDHVrx9mhE99,https://api.spotify.com/v1/tracks/6QzJcnl5cvlDHVrx9mhE99,https://api.spotify.com/v1/audio-analysis/6QzJcnl5cvlDHVrx9mhE99,192376,4
6,Panda,Desiigner,"[Spoken:] This what they all been waitin' for. I guess so. They been waitin' for this shit for a long time, didn’t they? I'ma give it everythin' I got. Ayo Dougie park that X6 around the corner. Ayy I'm just feelin' my vibe right now. I'm feelin' myself. Panda, panda, panda, panda, panda, panda, panda... I got broads in Atlanta Twisting dope, lean, and the Fanta Credit cards and the scammers Hitting off licks in the bando Black X6, Phantom White X6, look like a panda Going out like I'm Montana Hundred killers, hundred hammers Black X6, Phantom White X6, panda Pockets swole, Danny Selling bar, candy Man I'm the macho like Randy The choppa go Oscar for Grammy Bitch nigga pull up ya panty Hope you killers understand me I got broads in Atlanta Twisting dope, lean, and the Fanta Credit cards and the scammers Hitting off licks in the bando Black X6, Phantom White X6, look like a panda Going out like I'm Montana Hundred killers, hundred hammers Black X6, Phantom White X6, panda Pockets swole, Danny Selling bar, candy Man I'm the macho like Randy The choppa go Oscar for Grammy Bitch nigga pull up ya panty Hope you killers understand me Panda, panda, panda, panda, panda, panda, panda, panda, panda... I got broads in Atlanta Twisting dope, lean, and shit sipping Fanta Credit cards and the scammers Wake up Versace shit, life Desiigner Whole bunch of lavish shit They be asking 'round town who be clapping shit I be pullin' up stuff in the Phantom shit I got plenty of stuff of Bugatti whip look how I drive this shit Black X6, Phantom White X6, killing on camera Pop a Perc, I can't stand up Gorilla, they come and kill you with bananas Four fillas, they finna pull up in the Phantom Know niggas, they come and kill you on the camera Big Rollie, it dancing bigger than a Pandie Go Oscar for Grammy, bitch pull up your panty Fill up I'm a flip it, I got bitches pull up and they get it I got niggas that's counting for digits Say you make you a lot of new money Know some killers pull off and they in the Wraith CTD, they pull up in a killa Bape, Call up Phillip-Phillip, gon' fill the bank, niggas up in the bank We gon' drill the bank, fuck we gon' kill the bank, get it I got broads, yea I get it I got cards, yea i shitted This how I live it Did it all for a ticket Now Flex drop bombs when he spin it And Bobby gon' trend it Jeff The Don doing business Zana Ray fucking up shit and she doin' her business I be getting to the chicken Counting to the chicken And all of my niggas gon' split it Panda, panda, panda, panda, panda, panda, panda... I got broads in Atlanta Twisting dope, lean, and the Fanta Credit cards and the scammers Hitting off licks in the bando Black X6, Phantom White X6, looks like a panda Going out like I'm Montana Hundred killers, hundred hammers Black X6, Phantom White X6, panda Pockets swole, Danny Selling bar, candy Man I'm the macho like Randy The choppa go Oscar for Grammy Bitch nigga pull up ya panty Hope you killers understand me I got broads in Atlanta Twisting dope, lean, and the Fanta Credit cards and the scammers Hitting off licks in the bando Black X6, Phantom White X6, looks like a panda Going out like I'm Montana Hundred killers, hundred hammers Black X6, Phantom White X6, panda Pockets swole, Danny Selling bar, candy Man I'm the macho like Randy The choppa go Oscar for Grammy Bitch nigga pull up ya panty Hope you killers understand me Panda, panda, panda, panda, panda, panda, panda...",0.576,0.766,10,-4.943,0,0.449,0.028,1.68E-06,0.366,0.25,144.833,audio_features,5OOkp4U9P9oL23maHFHL1h,https://api.spotify.com/v1/tracks/5OOkp4U9P9oL23maHFHL1h,https://api.spotify.com/v1/audio-analysis/5OOkp4U9P9oL23maHFHL1h,246761,4
98,Tiimmy Turner,Desiigner,"Yeah, yeah, yeah, yeah Grrrrraaaah Yeah, yeah, yeah, yeah Git, git, git, git Yeah, yeah, yeah, yeah Git, git, git, git Yeah, yeah, yeah, yeah Git, git, git, git Yeah, yeah, yeah, yeah (Vador) Little Timmy Turner Git, git, git, git Tiimmy, Tiimmy, Tiimmy Turner He was wishin' for a burner To kill everybody walkin' He knows that his soul in the furnace Fuck bitch on BET Have her walkin', she fuckin' for BET Wildin' for wallet Kill everybody walkin' He knows that his soul in the furnace Tiimmy, Tiimmy, Tiimmy Turner He was wishin' for a burner To kill everybody walkin' He knows that his soul in the furnace Fuck bitch on BET Have her walkin', she fuckin' for BET Wildin' for wallet Kill everybody walkin' He knows that his soul in the furnace Tiimmy, Tiimmy, Tiimmy Turner Tiimmy, Tiimmy, Tiimmy Turner Young boy walkin', wishin' for a burner Four, five, six, ten ratchets on 'em Ten niggas with 'em, ten clappin' on 'em Dead niggas with 'em, dead niggas, get 'em Four-five rip 'em, four-five zip 'em You talk money, young niggas get 'em Young niggas get 'em Beluga, beluga, beluga I fell in love with the Ruger I fell in love with my jeweler I fell in love with the mula Banana clips is going through ya It's all about the rule It's all about the move It's all about the rules Tiimmy, Tiimmy, Tiimmy Turner He was wishin' for a burner To kill everybody walkin' He knows that his soul in the furnace Fuck bitch on BET Have her walkin', she fuckin' for BET Wildin' for wallet Kill everybody walkin' He knows that his soul in the furnace Tiimmy, Tiimmy, Tiimmy Turner He was wishin' for a burner To kill everybody walkin' He knows that his soul in the furnace Fuck bitch on BET Have her walkin', she fuckin' for BET Wildin' for wallet Kill everybody walkin' He knows that his soul in the furnace Tiimmy, Tiimmy, Tiimmy Turner Tiimmy (Git, git, git) Tiimmy Turner (Git, git, git) Eh, yeah he wish had a burner Young nigga move and he kill with confirma You get hit, nigga, left with earner Choppa move, nigga, both want it You get hit down in both summers I got niggas rollin' dat would be dead with it Choppa move, nigga, roll him with it You get choke down, roll, load and get Hit a nigga up, reload the semi Gotta flow over demon Thinking all about Tiimmy Just the thought of them with me All my killas said they with me Tiimmy, Tiimmy, Tiimmy Turner He was wishin' for a burner To kill everybody walkin' He knows that his soul in the furnace Fuck bitch on BET Have her walkin', she fuckin' for BET Wildin' for wallet Kill everybody walkin' He knows that his soul in the furnace Tiimmy, Tiimmy, Tiimmy Turner He was wishin' for a burner To kill everybody walkin' He knows that his soul in the furnace Fuck bitch on BET Have her walkin', she fuckin' for BET Wildin' for wallet Kill everybody walkin' He knows that his soul in the furnace [Beat switch] Tiimmy, Tiimmy, Tiimmy Turner He was wishin' for a burner To kill everybody walkin' He knows that his soul in the furnace Fuck bitch on BET Have her walkin', she fuckin' for BET Wildin' for wallet Kill everybody walkin' He knows that his soul in the furnace Tiimmy, Tiimmy, Tiimmy Turner He was wishin' for a burner To kill everybody walkin' He knows that his soul in the furnace Fuck bitch on BET Have her walkin', she fuckin' for BET Wildin' for wallet Kill everybody walkin' He knows that his soul in the furnace Tiimmy, Tiimmy, Tiimmy Turner He was wishin' for a burner To kill everybody walkin' He knows that his soul in the furnace Fuck bitch on BET Have her walkin', she fuckin' for BET Wildin' for wallet Kill everybody walkin' He knows that his soul in the furnace Tiimmy, Tiimmy, Tiimmy Turner He was wishin' for a burner To kill everybody walkin' He knows that his soul in the furnace Fuck bitch on BET Have her walkin', she fuckin' for BET Wildin' for wallet Kill everybody walkin' He knows that his soul in the furnace Tiimmy, Tiimmy, Tiimmy Turner",0.602,0.723,6,-3.021,1,0.0405,0.168,0,0.0781,0.321,122.812,audio_features,0zMxL4BTjSqCsUtfdlcL8G,https://api.spotify.com/v1/tracks/0zMxL4BTjSqCsUtfdlcL8G,https://api.spotify.com/v1/audio-analysis/0zMxL4BTjSqCsUtfdlcL8G,239853,4
59,For Free,DJ Khaled Drake,,0.916,0.571,10,-8.241,0,0.2,0.0173,1.11E-06,0.153,0.467,103.521,audio_features,0lDBERpbbSfh3og8dSszfj,https://api.spotify.com/v1/tracks/0lDBERpbbSfh3og8dSszfj,https://api.spotify.com/v1/audio-analysis/0lDBERpbbSfh3og8dSszfj,183695,4
80,Middle,DJ Snake Bipolar Sunshine,,0.611,0.7,9,-5.331,1,0.0436,0.0199,0,0.0549,0.233,104.981,audio_features,4OZEu0Vwq0RB2LAq14v99n,https://api.spotify.com/v1/tracks/4OZEu0Vwq0RB2LAq14v99n,https://api.spotify.com/v1/audio-analysis/4OZEu0Vwq0RB2LAq14v99n,220573,4
47,Let Me Love You,DJ Snake Justin Bieber,"I used to believe We were burnin' on the edge of somethin' beautiful Somethin' beautiful Sellin' a dream Smoke and mirrors keep us waiting on a miracle On a miracle Say, go through the darkest of days Heaven's a heartbreak away Never let you go, never let me down Oh, it's been a hell of a ride Driving the edge of a knife Never let you go, never let me down Don't you give up, nah-nah-nah I won't give up, nah-nah-nah Let me love you Let me love you Don't you give up, nah-nah-nah I won't give up, nah-nah-nah Let me love you Let me love you Oh, baby, baby Don't fall asleep At the wheel, we've got a million miles ahead of us Miles ahead of us All that we need Is a rude awakening to know we're good enough Know we're good enough Say go through the darkest of days Heaven's a heartbreak away Never let you go, never let me down Oh, it's been a hell of a ride Driving the edge of a knife Never let you go, never let me down Don't you give up, nah-nah-nah I won't give up, nah-nah-nah Let me love you Let me love you Don't you give up, nah-nah-nah I won't give up, nah-nah-nah Let me love you Let me love you Oh, baby, baby Never let you go, never let you go go Never let you go, never let you go go Never let you go, whoa No, never let you go, whoa Never let you go, never let you go go Never let you go, never let you go go Oh, no, no, no No, never let you go Yeah, yeah No, never let you go Don't you give up, nah-nah-nah I won't give up, nah-nah-nah Let me love you Let me love you Don't you give up, nah-nah-nah I won't give up, nah-nah-nah Let me love you Let me love you ",0.476,0.718,8,-5.309,1,0.0576,0.0784,1.02E-05,0.122,0.143,199.864,audio_features,4pdPtRcBmOSQDlJ3Fk945m,https://api.spotify.com/v1/tracks/4pdPtRcBmOSQDlJ3Fk945m,https://api.spotify.com/v1/audio-analysis/4pdPtRcBmOSQDlJ3Fk945m,205947,4
18,Cake By The Ocean,DNCE,"Oh no See you walking 'round like it's a funeral Not so serious, girl; why those feet cold? We just getting started; don't you tip toe, tip toe Ah! Waste time with a masterpiece, don't waste time with a masterpiece (huh!) You should be rolling with me, you should be rolling with me (ah) You're a real life fantasy, you're a real life fantasy (huh!) But you're moving so carefully; let's start living dangerously Talk to me, baby I'm going blind from this sweet, sweet craving, whoa [Explicit:] Let's lose our minds and go fucking crazy [Clean and radio:] Let's lose our minds and go crazy crazy Ah ya ya ya ya I keep on hoping we'll eat cake by the ocean Walk for me, baby I'll be Diddy, you'll be Naomi, whoa [Explicit:] Let's lose our minds and go fucking crazy [Clean and radio:] Let's lose our minds and go crazy crazy Ah ya ya ya ya I keep on hoping we'll eat cake by the ocean (huh) [Explicit:] God damn [Clean and radio:] Hot damn See you licking frosting from your own hands Want another taste, I'm begging, ""Yes, ma'am."" I'm tired of all this candy on the dry land, dry land, oh Waste time with a masterpiece, don't waste time with a masterpiece (huh!) You should be rolling with me, you should be rolling with me (ah) You're a real life fantasy, you're a real life fantasy (huh!) But you're moving so carefully; let's start living dangerously Whoa Talk to me, baby I'm going blind from this sweet, sweet craving, whoa [Explicit:] Let's lose our minds and go fucking crazy [Clean and radio:] Let's lose our minds and go crazy crazy Ah ya ya ya ya I keep on hoping we'll eat cake by the ocean Walk for me, baby (walk for me now) I'll be Diddy, you'll be Naomi, whoa [Explicit:] Let's lose our minds and go fucking crazy [Clean and radio:] Let's lose our minds and go crazy crazy Ah ya ya ya ya I keep on hoping we'll eat cake by the ocean Oh ah Ah ya ya ya ya I keep on hoping we'll eat cake by the ocean Oh ah Ah ya ya ya ya I keep on hoping we'll eat cake by the ocean (huh) [Explicit:] You're fucking delicious [Clean and radio:] You're crazy delicious Talk to me, girl Talk to me, baby I'm going blind from this sweet, sweet craving, whoa [Explicit:] Let's lose our minds and go fucking crazy [Clean and radio:] Let's lose our minds and go crazy crazy Ah ya ya ya ya I keep on hoping we'll eat cake by the ocean Walk for me, baby (walk for me now) I'll be Diddy, you'll be Naomi, whoa [Explicit:] Let's lose our minds and go fucking crazy [Clean and radio:] Let's lose our minds and go crazy crazy Ah ya ya ya ya I keep on hoping we'll eat cake by the ocean (huh) Red velvet, vanilla, chocolate in my life Funfetti, I'm ready; I need it every night Red velvet, vanilla, chocolate in my life Ah ya ya ya ya I keep on hoping we'll eat cake by the ocean (huh)",0.774,0.764,4,-5.445,0,0.0518,0.156,0,0.0383,0.909,118.997,audio_features,2aFiaMXmWsM3Vj72F9ksBl,https://api.spotify.com/v1/tracks/2aFiaMXmWsM3Vj72F9ksBl,https://api.spotify.com/v1/audio-analysis/2aFiaMXmWsM3Vj72F9ksBl,219147,4
24,Hotline Bling,Drake,"You used to call me on my You used to, you used to Yeah You used to call me on my cell phone Late night when you need my love Call me on my cell phone Late night when you need my love And I know when that hotline bling That can only mean one thing I know when that hotline bling That can only mean one thing Ever since I left the city, You got a reputation for yourself now Everybody knows and I feel left out Girl you got me down, you got me stressed out 'Cause ever since I left the city, you started wearing less and goin' out more Glasses of champagne out on the dance floor Hangin' with some girls I've never seen before You used to call me on my cell phone Late night when you need my love Call me on my cell phone Late night when you need my love I know when that hotline bling That can only mean one thing I know when that hotline bling That can only mean one thing Ever since I left the city, you, you, you You and me we just don't get along You make me feel like I did you wrong Going places where you don't belong Ever since I left the city, you, you got exactly what you asked for Running out of pages in your passport Hanging with some girls I've never seen before You used to call me on my cell phone Late night when you need my love Call me on my cell phone Late night when you need my love And I know when that hotline bling That can only mean one thing I know when that hotline bling That can only mean one thing These days, all I do is Wonder if you're bendin' over backwards for someone else Wonder if you're rollin' up a backwoods for someone else Doing things I taught you, gettin' nasty for someone else You don't need no one else You don't need nobody else, no Why you never alone Why you always touching road Used to always stay at home, be a good girl You was in a zone, yeah You should just be yourself Right now, you're someone else You used to call me on my cell phone Late night when you need my love Call me on my cell phone Late night when you need my love And I know when that hotline bling That can only mean one thing I know when that hotline bling That can only mean one thing Ever since I left the city",0.903,0.62,2,-8.094,1,0.0587,0.00347,0.000119,0.0504,0.55,134.96,audio_features,2FBUoWkIuQXwayw2RNo5l6,https://api.spotify.com/v1/tracks/2FBUoWkIuQXwayw2RNo5l6,https://api.spotify.com/v1/audio-analysis/2FBUoWkIuQXwayw2RNo5l6,267067,4
41,Controlla,Drake,,0.607,0.476,10,-11.076,0,0.249,0.0773,0,0.113,0.339,122.976,audio_features,6F609ICg9Spjrw1epsAnpa,https://api.spotify.com/v1/tracks/6F609ICg9Spjrw1epsAnpa,https://api.spotify.com/v1/audio-analysis/6F609ICg9Spjrw1epsAnpa,245227,5
37,Jumpman,Drake Future,"[Drake:] Yeah Halloween Taliban, taliban Jumpman, Jumpman, Jumpman, them boys up to something They just spent like two or three weeks out the country Them boys up to something they just not just bluffing You don't have to call I hit my dance like Usher I just found my tempo like I'm DJ mustard I hit the Ginobili with my left hand up like woo Lobster and celine for all my babies that I miss Chicken fingers, french fries for them hoes that wanna diss Jumpman, Jumpman, Jumpman, them boys up to something Uh, uh, uh think I need some Robitussin Way too many questions you must think I trust you You searching for answers I do not know nothing (Woo!) I see em tweaking they know something coming (Woo!) Jumpman, Jumpman, Jumpman, them boys up to something (Woo!) Jumpman, Jumpman, Jumpman, fuck was you expecting? (Woo!) Chi-town chi-town Michael Jordan just said text me (Woo!) [Future:] Jumpman, Jumpman, Jumpman Jumpman, Jumpman, Jumpman I just seen the jet take off they up to something Them boys just not bluffing them boys just not bluffing Jumpman, Jumpman, Jumpman, them boys up to something She was trying join the team I told her wait Chicken wings and fries we don't go on dates Nobu Nobu Nobu Nobu Nobu nobu I just throwed a private dinner in LA Trapping is a hobby thats the way for me Man they coming fast they never getting sleep I, I just had to buy another safe Bentley Spurs and Phantoms Jordan Fadeaway [Drake:] Yeah Jumpman, Jumpman, I don't need no introduction Jumpman, Jumpman, Metro Boomin on production, wow Hundred cousins out in Memphis they so country, wow Tell her stay the night, valet your car, come fuck me now Jumpman, Jumpman, live on TNT I'm flexing (ooh!) Jumpman, Jumpman they gave me my own collection (ooh!) Jump when I say jump, girl can you take direction? (Ooh!) Mutombo with the bitches, you keep getting rejected (Woo!) [Future:] Heard they came through magic city on a Monday Heard they had the club wild, it was star studded A bunch of girls going wild when your chain flooded And I had em like wow, cup dirty Dopeman dopeman dopeman dopeman dopeman dopeman Money on the counter, choppers on the floor I just caught that tempo, DJ Mustard (woo!) Way too much codeine and Adderall We just count up paper racks, woooah I know I'mma get my bitch back, woooah I count all these racks that I have on me now imma have you like woah Chanel number 9, Chanel number 5, well you got 'em both [Drake:] Jumpman, Jumpman, Jumpman them boys up to something They just spent like two or three weeks out the country Them boys up to something they just not just bluffing [Future:] Jumpman, Jumpman, Jumpman Them boys up to something ",0.853,0.558,1,-7.448,1,0.202,0.0462,0,0.341,0.666,142.079,audio_features,46gjYTEK7W8ZTABcglGP2f,https://api.spotify.com/v1/tracks/46gjYTEK7W8ZTABcglGP2f,https://api.spotify.com/v1/audio-analysis/46gjYTEK7W8ZTABcglGP2f,205879,4
29,Too Good,Drake Rihanna,"[Drake:] Oh yeah yeah yeah Oh yeah yeah yeah Yeah, look I don't know how to talk to you I don't know how to ask you if you're okay My friends always feel the need to tell me things Seems like they're just happier than us these days Yeah, these days I don't know how to talk to you I don't know how to be there when you need me It feels like the only time you'll see me Is when you turn your head to the side and look at me differently Yeah, and last night I think I lost my patience Last night I got high as your expectations Last night, I came to a realization And I hope you can take it I hope you can take it I'm too good to you I'm way too good to you You take my love for granted I just don't understand it No, I'm too good to you I'm way too good to you You take my love for granted I just don't understand it [Rihanna:] I don't know how to talk to you I just know I find myself getting lost with you Lately you just make me work too hard for you Got me on flights overseas, and I still can't get across to you And last night I think I lost my patience Last night I got high as your expectations Last night, I came to a realization And I hope you can take it I hope you can take it [Drake & Rihanna:] I'm too good to you I'm way too good to you You take my love for granted I just don't understand it No, I'm too good to you I'm way too good to you You take my love for granted I just don't understand it [Drake:] Years go by too fast I can't keep track How long did we last? I feel bad for asking It can't end like this We gotta take time with this Cock up yuh bumper, sit down 'pon it Let me see if this is something I can fix You got somebody other than me Don't play the victim when you're with me Free time is costing me more than it seems Sacrificing things And I wanna tell you my intentions I wanna do the things that I mention I wanna benefit from the friendship I wanna get the late night message from you, from you I put my hands around you Gotta get a handle on you Gotta get a handle on the fact that... [Drake & Rihanna:] I'm too good to you I'm way too good to you You take my love for granted I just don't understand it No, I'm too good to you I'm way too good to you You take my love for granted I just don't understand it [Popcaan:] Gyal a you mi waan Pay fi yuh visa meck yo fly out regular, BRB Cock up yuh bumper, sit down 'pon it Gyal yo pum pum good and yuh fit Give you everything weh deh in my wallet And in my pocket Cock up yuh bumper, sit down 'pon it Gyal yo pum pum good and yuh fit Give you everything weh deh in my wallet And in my pocket",0.804,0.648,7,-7.805,1,0.117,0.0573,3.49E-05,0.102,0.385,117.983,audio_features,11KJSRSgaDxqydKYiD2Jew,https://api.spotify.com/v1/tracks/11KJSRSgaDxqydKYiD2Jew,https://api.spotify.com/v1/audio-analysis/11KJSRSgaDxqydKYiD2Jew,263373,4
82,Pop Style,Drake The Throne,,0.791,0.49,11,-9.05,1,0.242,0.187,1.95E-06,0.104,0.0471,133.085,audio_features,1snt6FNtZASSQrJuS9serg,https://api.spotify.com/v1/tracks/1snt6FNtZASSQrJuS9serg,https://api.spotify.com/v1/audio-analysis/1snt6FNtZASSQrJuS9serg,209453,4
3,One Dance,Drake WizKid Kyla,"[Intro - Kyla & Wizkid:] Baby, I like your style [Verse 1 - Drake:] Grips on your waist Front way, back way You know that I don't play Streets not safe But I never run away Even when I'm away Oti, oti, there's never much love when we go OT I pray to make it back in one piece I pray, I pray [Hook - Drake:] That's why I need a one dance Got a Hennessy in my hand One more time 'fore I go Higher powers taking a hold on me I need a one dance Got a Hennessy in my hand One more time 'fore I go Higher powers taking a hold on me [Bridge - Kyla & Wizkid:] Baby, I like your style [Verse 2 - Drake:] Strength and guidance All that I'm wishing for my friends Nobody makes it from my ends I had to bust up the silence You know you gotta stick by me Soon as you see the text, reply me I don't wanna spend time fighting We've got no time [Hook - Drake:] And that's why I need a one dance Got a Hennessy in my hand One more time 'fore I go Higher powers taking a hold on me I need a one dance Got a Hennessy in my hand One more time 'fore I go Higher powers taking a hold on me [Break - Wizkid:] Got a pretty girl and she love me long time Wine it, wine it, very long time Oh, yeah, she steady on grindin' Back up, back up, back up and wine it Back up, back up and wine it Back up, back up, back up and wine it Oh, yeah, she steady on grindin' Back up, back up and wine it, girl [Bridge - Kyla & Wizkid:] Tell me, I need to know, where do you wanna go? 'Cause if you're down, I'll take it slow Make you lose control Where, where, where Where, where, where, where Oh, yeah, she steady on grindin' Where, where, where Back up, back up and wine it, girl Where, where, where, where 'Cause if you're down Back up, back up and 'Cause if you're down Back up, back up and 'Cause if you're down Back up, back up and [Hook - Drake:] I need a one dance Got a Hennessy in my hand One more time 'fore I go Higher powers taking a hold on me I need a one dance Got a Hennessy in my hand One more time 'fore I go Higher powers taking a hold on me",0.791,0.619,1,-5.886,1,0.0532,0.00784,0.00423,0.351,0.376,103.989,audio_features,1xznGGDReH1oQq0xzbwXa3,https://api.spotify.com/v1/tracks/1xznGGDReH1oQq0xzbwXa3,https://api.spotify.com/v1/audio-analysis/1xznGGDReH1oQq0xzbwXa3,173987,4
34,Broccoli (feat. Lil Yachty),DRAM Lil Yachty,"[D.R.A.M.:] Ain't no telling what I'm finna be on I'm beyond all that fuck shit [Lil Yachty:] Hey little mama would you like to be my sunshine? Nigga touch my gang we gon' turn this shit to Columbine Ice on my neck cost me 10 times 3 30, 000 dollars for a nigga to get flee I just hit Rodeo and I spent like 10 Gs I just did a show and spent the check on my mama When I go on vacay I might rent out the Bahamas And I keep like 10 phones, damn I'm really never home All these niggas clones tryna copy what I'm on Nigga get your own, tryna pick a nigga bone Way to Brother Skip, boy I had a good day Metro PCS trapping boy I'm making plays 50 shades of grey, beat that pussy like Hulk Hogan I know you know my slogan, if I ain't bout guap I'm gone Niggas hating cause I'm chosen from the concrete that I rose Shawty staring at my necklace cause my diamonds really froze Put that dick up in her pussy bet she feel it in her toes I'm a real young nigga from the 6 throwing bows I'm a real young nigga from the 6 throwing bows Real young nigga from the 6 throwing bows [D.R.A.M.:] In the middle of the party bitch get off me In the cut I'm rolling up my broccoli Ya I know your baby mama fond of me All she want to do is smoke that broccoli Whispered in my ear she trying to leave with me Said that I can get that pussy easily Said that I can hit that shit so greasily I'm a dirty dog I did it sleazily Ain't no telling what I'm finna be on I'm beyond all that fuck shit Ain't no telling what I'm finna be on I'm beyond all that fuck shit I got companies and Pesos I got people on my payroll She don't do it less I say so I don't smoke if it ain't fuego I just sauce em up like Prego Fettucini with Alfredo All I wanted was the fame and every game they made on Sega I was 5 or 6 years old when I had told myself OK you're special But I treat you like my equal never lesser I was 26 years old when we had dropped this one amazing record Had the world stepping That's what I call epic Couple summers later I got paper I acquired taste for salmon on a bagel With the capers on a square plate At the restaurant with the why you got to stare face To know I either ball or I record over the snare and bass Rapper face, dread headed Golden diamond teeth wearing They just mad cause I got that cheese bitch I keep dairy Turned up in the party getting lit to Yachty With a Spanish Barbie word to my mommy In the middle of the party bitch get off me In the cut I'm rolling up my broccoli Ya I know your baby mama fond of me All she want to do is smoke that broccoli Whispered in my ear she trying to leave with me Said that I can get that pussy easily Said that I can hit that shit so greasily I'm a dirty dog I did it sleazily",0.886,0.525,8,-7.39,1,0.131,0.236,0,0.057,0.708,145.99,audio_features,7yyRTcZmCiyzzJlNzGC9Ol,https://api.spotify.com/v1/tracks/7yyRTcZmCiyzzJlNzGC9Ol,https://api.spotify.com/v1/audio-analysis/7yyRTcZmCiyzzJlNzGC9Ol,225205,4
63,Ex's & Oh's,Elle King,,0.612,0.921,7,-2.879,1,0.0848,0.0183,0,0.0576,0.44,139.986,audio_features,70eDxAyAraNTiD6lx2ZEnH,https://api.spotify.com/v1/tracks/70eDxAyAraNTiD6lx2ZEnH,https://api.spotify.com/v1/audio-analysis/70eDxAyAraNTiD6lx2ZEnH,202173,4
81,On My Mind,Ellie Goulding,,0.699,0.669,2,-6.682,0,0.0511,0.299,3.26E-06,0.0884,0.753,154.952,audio_features,5a7NdkF09AfD0H607eiOkX,https://api.spotify.com/v1/tracks/5a7NdkF09AfD0H607eiOkX,https://api.spotify.com/v1/audio-analysis/5a7NdkF09AfD0H607eiOkX,213445,4
87,All The Way Up (Remix),Fat Joe Remy Ma JAY Z French Montana InfaRed,"[Fat Joe:] Nothing can stop me, I'm all the way up All the way up I'm all the way up I'm all the way up Nothing can stop me, I'm all the way up [French Montana:] Shorty what you want? Shorty what you need? My niggas run the game, we ain't ever leavin' Countin' up this money, we ain't never sleepin' You got V12, I got 12V Got bottles, got weed, got molly I'm all the way up Shorty what you want? I got what you need Shorty what you want? I got what you need Shorty what you want? I got what you need [Fat Joe:] I'm all the way up I'm all the way up I'm all the way up All the way up Nothing can stop me, I'm all the way up For my niggas with Bentley coupes and Rolexes Kicked the bitch out the room and gave her no breakfast Had to stash the jewels, these bitches so reckless Keep my hoes on cruise, I'm talkin' naughty nothings Shorty uptown showin' off her new things Couldn't take it off so I gave her un chain She call me top shotta, yeah I keep a few tings Champion sound, yeah I got a few rings And I'm all the way up And you can stay up And if you ask anybody where I live They'll point to the hills and say Go all the way up Go all the way up I'm all the way up I'm all the way up Nothing can stop me, I'm all the way up [Remy Ma:] Just left the big house to a bigger house Ain't have a girlfriend but the bitch is out Chanel croc bag, shit ain't even out With the gold chains, Himalayan, Birk' and cocaine Lit it up, Pac shit, I hit 'em up I'm talkin' color money, purple yen and blue dirham I got brown lira, I ain't talkin' 'bout Ross bitch I'm that nigga on Viagra dick That means I'm all the way up And you can stay up P.O.s say I can't get high Hopped in the helicopter Uber and said... Go all the way up Go all the way up [Fat Joe:] I'm all the way up I'm all the way up Nothing can stop me, I'm all the way up [French Montana & Fat Joe:] Shorty what you want? Shorty what you need? My niggas run the game, we ain't ever leavin' Countin' up this money, we ain't never sleepin' You got V12, I got 12V Got bottles, got weed, got molly I'm all the way up Shorty what you want? I got what you need Shorty what you want? I got what you need Shorty what you want? I got what you need [Fat Joe:] I'm all the way up I'm all the way up I'm all the way up I'm all the way up Nothing can stop me, I'm all the way up All the way up I'm all the way up I'm all the way up Nothing can stop me, I'm all the way up",0.564,0.717,10,-6.403,0,0.397,0.097,0,0.493,0.421,117.489,audio_features,2AYTGaclgKXACh13nJRVcV,https://api.spotify.com/v1/tracks/2AYTGaclgKXACh13nJRVcV,https://api.spotify.com/v1/audio-analysis/2AYTGaclgKXACh13nJRVcV,284831,5
54,679 (feat. Remy Boyz),Fetty Wap Remy Boyz,,0.618,0.717,7,-5.738,1,0.318,0.00256,0,0.625,0.601,190.05,audio_features,5NQbUaeTEOGdD6hHcre0dZ,https://api.spotify.com/v1/tracks/5NQbUaeTEOGdD6hHcre0dZ,https://api.spotify.com/v1/audio-analysis/5NQbUaeTEOGdD6hHcre0dZ,196693,4
93,All In My Head (Flex),Fifth Harmony Fetty Wap,,0.689,0.791,0,-5.194,0,0.053,0.023,0,0.0526,0.772,95.04,audio_features,7nD9nN3jord9wWcfW3Gkcm,https://api.spotify.com/v1/tracks/7nD9nN3jord9wWcfW3Gkcm,https://api.spotify.com/v1/audio-analysis/7nD9nN3jord9wWcfW3Gkcm,210573,4
16,Work from Home,Fifth Harmony Ty Dolla $ign,"I ain't worried 'bout nothin' I ain't wearin' na nada I'm sittin' pretty, impatient, but I know you gotta Put in them hours, I'mma make it harder I'm sending pic after picture, I'mma get you fired I know you're always on the night shift But I can't stand these nights alone And I don't need no explanation 'Cause baby, you're the boss at home You don't gotta go to work, work, work, work, work, work, work But you gotta put in work, work, work, work, work, work, work You don't gotta go to work, work, work, work, work, work, work Let my body do the work, work, work, work, work, work, work, work We can work from home, oh, oh, oh-oh We can work from home, oh, oh, oh-oh Let's put it into motion I'mma give you a promotion I'll make it feel like a vacay, turn the bed into an ocean We don't need nobody, I just need your body Nothin' but sheets in between us, ain't no getting off early I know you're always on the night shift But I can't stand these nights alone And I don't need no explanation 'Cause baby, you're the boss at home You don't gotta go to work, work, work, work, work, work, work But you gotta put in work, work, work, work, work, work, work You don't gotta go to work, work, work, work, work, work, work Let my body do the work, work, work, work, work, work, work, work We can work from home, oh, oh, oh-oh We can work from home, oh, oh, oh-oh [Ty Dolla $ign:] Girl, go to work for me Can you make it clap, no hands for me? Take it to the ground, pick it up for me Look back at it all over me Put in work like my timesheet She ride it like a '63 I'mma buy her no Celine Let her ride in a foreign with me Oh, she the bae, I'm her boo And she down to break the rules Ride or die, she gon' go I won't judge, she finesse I pipe up, she take that Putting overtime on your body You don't gotta go to work, work, work, work, work, work, work But you gotta put in work, work, work, work, work, work, work You don't gotta go to work, work, work, work, work, work, work Let my body do the work, work, work, work, work, work, work, work We can work from home, oh, oh, oh-oh We can work from home, oh, oh, oh-oh Yeah, we can work from home Yeah, we can work from home Yeah",0.803,0.585,8,-5.861,1,0.0432,0.103,3.94E-06,0.0644,0.588,105.017,audio_features,4tCtwWceOPWzenK2HAIJSb,https://api.spotify.com/v1/tracks/4tCtwWceOPWzenK2HAIJSb,https://api.spotify.com/v1/audio-analysis/4tCtwWceOPWzenK2HAIJSb,214480,4
14,My House,Flo Rida,"Open up the champagne, pop! It's my house, come on, turn it up Hear a knock on the door and the night begins Cause we done this before so you come on in Make yourself at my home, tell me where you been Pour yourself something cold, baby, cheers to this Sometimes you gotta stay in And you know where I live Yeah, you know what we is Sometimes you gotta stay in, in Welcome to my house Baby, take control now We can't even slow down We don't have to go out Welcome to my house Play that music too loud Show me what you do now We don't have to go out Welcome to my house Welcome to my house Morning comes and you know that you wanna stay Close the blinds, let's pretend that the time has changed Keep our clothes on the floor, open up champagne Let's continue tonight, come on, celebrate Sometimes you gotta stay in And you know where I live Yeah, you know what we is Sometimes you gotta stay in, in Welcome to my house Baby, take control now We can't even slow down We don't have to go out Welcome to my house Play that music too loud Show me what you do now We don't have to go out Welcome to my house Welcome to my house Welcome to my duck off the crib, the spot, the pad But my house is your house if you throwin' it back Excuse me if my home's draining the sad Soon as these happy faces land you can run with the cash Homerun, slam dunk, touchdown pass Mi casa es tu casa so it ain't no holding back Another shot of vodka, you know what's in my glass It's my house, just relax Welcome to my house Baby, take control now We can't even slow down We don't have to go out Welcome to my house Play that music too loud Show me what you do now We don't have to go out Welcome to my house Welcome to my house Welcome to my house It's my house",0.688,0.702,7,-4.792,0,0.0499,0.0215,0,0.128,0.731,94.006,audio_features,6Knv6wdA0luoMUuuoYi2i1,https://api.spotify.com/v1/tracks/6Knv6wdA0luoMUuuoYi2i1,https://api.spotify.com/v1/audio-analysis/6Knv6wdA0luoMUuuoYi2i1,192191,4
49,H.O.L.Y.,Florida Georgia Line,"When the sun had left and the winter came And the sky thawed to only bring the rain I sat in darkness All broken-hearted I couldn't find a day I didn't feel alone I never meant to cry, started losing hope But somehow baby You broke through and saved me You're an angel. Tell me you're never leaving 'Cause you're the first thing I know I can believe in You're holy, holy, holy, holy I'm high on loving you, high on loving you You're holy, holy, holy, holy I'm high on loving you, high on loving you You made the brightest days from the darkest nights You're the river bank where I was baptized Cleansed from the demons That were killing my freedom Let me lay you down, give me to ya Get you singing, babe, hallelujah We'll be touching We'll be touching heaven You're an angel. Tell me you're never leaving 'Cause you're the first thing I know I can believe in You're holy, holy, holy, holy I'm high on loving you, high on loving you You're holy, holy, holy, holy I'm high on loving you, high on loving you I don't need these stars 'cause you shine for me Like fire in my veins, you're my ecstasy You're my ecstasy You're holy, holy, holy, holy I'm high on loving you, high on loving you You're holy, holy, holy, holy I'm high on loving you, high on loving you You're the healing hands where it used to hurt You're my saving grace, you're my kind of church You're holy",0.526,0.675,7,-3.989,0,0.0339,0.379,0,0.0727,0.534,78,audio_features,6chK7QlDILELjoh0I98KpW,https://api.spotify.com/v1/tracks/6chK7QlDILELjoh0I98KpW,https://api.spotify.com/v1/audio-analysis/6chK7QlDILELjoh0I98KpW,194187,4
60,Never Be Like You,Flume kai,"What I would do to take away this fear of being loved Allegiance to the pain Now I'm fucked up and I'm missing you He'll never be like you I would give anything to change this fickle-minded heart That loves fake shiny things Now I'm fucked up and I'm missing you I'll never be like you I'm only human. Can't you see? I made, I made a mistake Please just look me in my face Tell me everything's okay 'Cause I got it, ooh I'll never be like you I'm only human. Can't you see? I made, I made a mistake Please just look me in my face Tell me everything's okay 'Cause I got it, ooh I'll never be like you How do I make you wanna stay? Hate sleeping on my own, missing the way you taste Now I'm fucked up and I'm missing you I'll never be like you Stop looking at me with those eyes Like I could disappear and you wouldn't care why Now I'm fucked up and I'm missing you I'll never be like you I'm only human. Can't you see? I made, I made a mistake Please just look me in my face Tell me everything's okay 'Cause I got it, ooh I'll never be like you I'm only human. Can't you see? I made, I made a mistake Please just look me in my face Tell me everything's okay 'Cause I got it, ooh I'll never be like you I'm falling on my knees Forgive me, I'm a fucking fool I'm begging, darling, please Absolve me of my sins, won't you? I'm falling on my knees Forgive me, I'm a fucking fool I'm begging, darling, please Absolve me of my sins, won't you? I'm only human. Can't you see? I made, I made a mistake Please just look me in my face Tell me everything's okay 'Cause I got it, ooh I'll never be like you I'm only human. Can't you see? I made, I made a mistake Please just look me in my face Tell me everything's okay 'Cause I got it, ooh I'll never be like you Baby, baby, please believe me C'mon, take it easy Please don't ever leave me Never be like you",0.443,0.558,0,-5.436,1,0.0624,0.441,0,0.163,0.24,116.838,audio_features,15O20RQyWJgKrkHID9ynT9,https://api.spotify.com/v1/tracks/15O20RQyWJgKrkHID9ynT9,https://api.spotify.com/v1/audio-analysis/15O20RQyWJgKrkHID9ynT9,233337,4
97,Wicked,Future,,0.718,0.679,11,-5.899,0,0.0706,0.00191,0.0104,0.385,0.215,157.97,audio_features,6BbINUfGabVyiNFJpQXn3x,https://api.spotify.com/v1/tracks/6BbINUfGabVyiNFJpQXn3x,https://api.spotify.com/v1/audio-analysis/6BbINUfGabVyiNFJpQXn3x,173347,4
30,Low Life,Future The Weeknd,"[Refrain:] Everybody getting high Getting high, getting high, getting high [Intro - Future:] I just took some molly, what else? (hey) Got some bitch from Follies with us ('scuse me, 'scuse me) She gonna fuck the squad, what else? I'm a fuck her broads, what else? Bitch from Pakistan, what up? Ferraris and them Lambs, what else? 'Bout to fuck this club up, what else? (Get, get, get) [Verse 1 - The Weeknd:] I turn the Ritz into a poor house It's like eviction number four now Go 'head and ash it on the floor now Girl go ahead and show me how you go down And I feel my whole body peaking And I'm fucking anybody with they legs wide Getting faded with some bitches from the West Side East coast, nigga repping North Side Never waste a hoe's time (Freebands) Bitch, I'm on my own time Fuck a nigga co-sign Always change my number and my phone line Baby girl, I don't lie Used to have no money for a crib Now my room service bill cost your whole lot If they try to stunt me, I go all out military I'm camo'ed all out, like I'm in the military I free up all my niggas, locked up in the penitentiary [Hook - The Weeknd & Future:] 'Cause I'm always repping for that low life Repping for that low life turn up Low life, low life, low life Know I'm repping for that low, low life Representing, I'm representing, representing Said I'm repping for that low life Low life, low life, low life, low life I'm representing for that low life Said I'm repping for that low life I'm repping, that's repping, I'm repping Low life, low life, low life Rep, rep, rep, rep, rep, rep, rep Woo, woo, woo, woo Yeah [Verse 2 - Future:] Wake up, take a sip of Ace of Spade like it's water I been on the molly and them Xans with your daughter If she catch me cheating, I will never tell her sorry If she catch me cheating, I will never tell her sorry Porches in the valley, I got Bentleys, I got Raris Taking pain pills on the plane, getting chartered Popping tags on tags, I was starving Bitch, I got the juice and the carbon Turn a five star hotel to a traphouse Roaches everywhere, like we forgot to take the trash out Flood my cross with ice, getting money my religion Got my baby mamma and my side bitch kissing I turn the Ritz into a lean house This the sixth time getting kicked out I can't feel my face, I'm on Adderall, nauseous Niggas tryna ride my fuckin' wave, now they salty Running with the wave, get you killed quick Shoot you in your back like you Ricky Lil Mexico, from no life to afterlife My whole life, my whole life [Hook - The Weeknd & Future:] 'Cause I'm always repping for that low life Repping for that low life Low life, low life, low life Know I'm repping for that low, low life Representing, I'm representing, representing Said I'm repping for that low life Low life, low life, low life, low life I'm representing that low life Said I'm repping for that low life Low life, I'm repping for that lowlife Low life, low life, low life Rep, rep, rep, rep, rep, rep, rep, woo Yeah [Bridge - Future:] Yeah, they stereotyping 'Cause they know a nigga keep ten rifles And they know a nigga keep ten snipers Keep a baby bottle like we wearing diapers Yeah, they stereotyping 'Cause they know a nigga keep twenty rifles And they know a nigga keep twenty snipers And they know a nigga keep ten wifeys Sniper, sniper, sniper, sniper, sniper Wifey, wifey, wifey, wifey, wifey That's your wifey, wifey, wifey, wifey, wifey? I think I like her, like her, like her, like her That's your wifey, wifey, wifey, wifey, wifey? I think I like her, like her, like her, like her Oh, that's your wifey, wifey, wifey, wifey, wifey? I think I like her, like her, like her, like her [Refrain:] Getting high, getting high, getting high Everybody getting high Getting high, getting high, getting high Everybody getting high Getting high, getting high, getting high Everybody getting high Getting high, getting high, getting high And I'm the reason why Getting high, getting high, getting high Everybody getting high Getting high, getting high, getting high Everybody getting high Getting high, getting high, getting high Everybody getting high Getting high, getting high, getting high And I'm the reason why [Outro - Future:] I just took some molly, what else? Got some bitch from Follies with us She gonna fuck the squad, what else? I'm a fuck her broads, what else? Bitch from Pakistan, what up? Ferraris and them Lambs, what else? 'Bout to fuck this club up, what else? 'Bout to fuck this club up, what else?",0.722,0.331,8,-7.789,1,0.0725,0.337,0.283,0.146,0.102,143.974,audio_features,7EiZI6JVHllARrX9PUvAdX,https://api.spotify.com/v1/tracks/7EiZI6JVHllARrX9PUvAdX,https://api.spotify.com/v1/audio-analysis/7EiZI6JVHllARrX9PUvAdX,313547,4
19,"Me, Myself & I",G-Eazy Bebe Rexha,"[Bebe Rexha (G-Eazy):] Oh, it's just me, myself and I Solo ride until I die 'Cause I got me for life (yeah) Oh I don't need a hand to hold Even when the night is cold I got that fire in my soul [G-Eazy:] And as far as I can see I just need privacy Plus a whole lot of tree, fuck all this modesty I just need space to do me get a world that they're tryna see A Stella Maxwell right beside of me A Ferrari I'm buyin' three A closet of Saint Laurent, get what I want when I want 'Cause this hunger is driving me, yeah I just need to be alone, I just need to be at home Understand what I'm speaking on if time is money I need a loan But regardless I'll always keep keepin' on Fuck fake friends, we don't take L's we just make M's While y'all follow, we just make trends I'm right back to work when that break ends [Bebe Rexha (G-Eazy):] Oh, it's just me, myself and I Solo ride until I die 'Cause I got me for life (Got me for life, yeah) Oh I don't need a hand to hold Even when the night is cold I got that fire in my soul [Bebe Rexha (G-Eazy):] I don't need anything to get me through the night Except the beat that's in my heart Yeah, it's keeping me alive (Keeps me alive) I don't need anything to make me satisfied (you know) 'Cause the music does me good and it gets me every time [G-Eazy:] Yeah, and I don't like talking to strangers So get the fuck off me I'm anxious I'm tryna be cool but I may just go ape shit Say ""fuck y'all"" to all of y'all faces It changes though now that I'm famous Everyone knows how this lifestyle is dangerous But I love it the rush is amazing Celebrate nightly and everyone rages I found how to cope with my anger I'm swimming in money Swimming in liquor my liver is muddy But it's all good I'm still sippin' this bubbly This shit is lovely, this shit ain't random, I didn't get lucky Made it right here 'cause I'm sick with it Cudi They all take the money for granted But don't want to work for it tell me now, isn't it funny? Nah [Bebe Rexha (G-Eazy):] Oh, it's just me, myself and I Solo ride until I die 'Cause I got me for life (Got me for life, yeah) Oh I don't need a hand to hold Even when the night is cold I got that fire in my soul [Bebe Rexha (G-Eazy):] I don't need anything to get me through the night Except the beat that's in my heart Yeah, it's keeping me alive (Keeps me alive) I don't need anything to make me satisfied (you know) 'Cause the music does me good and it gets me every time [Bebe Rexha (G-Eazy):] Like ba-ba-ba-ba-da-ba Ba-ba-ba-da-ba (Yee!) Ba-ba-ba-ba-da-ba Ba-ba-ba-da-ba Ba-ba-ba-ba-da-ba Ba-ba-ba-da-ba 'Cause the music does me good and it gets me every time [G-Eazy:] Yeah, lonely nights I laid awake Pray to lord, my soul to take My heart's become too cold to break Know I'm great but I'm broke as hell Having dreams that I'm folding cake All my life I've been told to wait But I'mma get it now, yeah it's no debate Yeah [Bebe Rexha (G-Eazy):] Oh, it's just me, myself and I Solo ride until I die 'Cause I got me for life (Got me for life, yeah) Oh I don't need a hand to hold Even when the night is cold I got that fire in my soul [Bebe Rexha (G-Eazy):] I don't need anything to get me through the night Except the beat that's in my heart Yeah, it's keeping me alive (Keeps me alive) I don't need anything to make me satisfied (you know) 'Cause the music does me good and it gets me every time [Bebe Rexha:] Like ba-ba-ba-ba-da-ba Ba-ba-ba-da-ba Ba-ba-ba-ba-da-ba Ba-ba-ba-da-ba Ba-ba-ba-ba-da-ba Ba-ba-ba-da-ba 'Cause the music does me good and it gets me every time ",0.757,0.672,0,-6.524,0,0.0955,0.0186,0,0.158,0.389,111.996,audio_features,40YcuQysJ0KlGQTeGUosTC,https://api.spotify.com/v1/tracks/40YcuQysJ0KlGQTeGUosTC,https://api.spotify.com/v1/audio-analysis/40YcuQysJ0KlGQTeGUosTC,251467,4
38,"i hate u, i love u (feat. olivia o'brien)",gnash Olivia O'Brien,"[Olivia O'Brien:] Feeling used But I'm still missing you And I can't see the end of this Just wanna feel your kiss Against my lips And now all this time Is passing by But I still can't seem to tell you why It hurts me every time I see you Realize how much I need you [Olivia O'Brien:] I hate you, I love you, I hate that I love you Don't want to but I can't put nobody else above you I hate you, I love you, I hate that I want you You want her, you need her And I'll never be her [Gnash:] I miss you when I can't sleep Or right after coffee Or right when I can't eat I miss you in my front seat Still got sand in my sweaters From nights we don't remember Do you miss me like I miss you? Fucked around and got attached to you Friends can break your heart too, And I'm always tired but never of you If I pulled a you on you, you wouldn't like that shit I put this reel out, but you wouldn't bite that shit I type a text but then I never mind that shit I got these feelings but you never mind that shit Oh, oh Keep it on the low You're still in love with me but your friends don't know If you wanted me you would just say so And if I were you, I would never let me go [Olivia O'Brien:] I hate you, I love you, I hate that I love you Don't want to but I can't put nobody else above you I hate you, I love you, I hate that I want you You want her, you need her And I'll never be her [Gnash:] I don't mean no harm I just miss you on my arm Wedding bells were just alarms Caution tape around my heart You ever wonder what we could have been? You said you wouldn't and you fucking did Lie to me, lie with me, get your fucking fix Now all my drinks and all my feelings are all fucking mixed Always missing people that I shouldn't be missing Sometimes you gotta burn some bridges just to create some distance I know that I control my thoughts and I should stop reminiscing But I learned from my dad that it's good to have feelings When love and trust are gone I guess this is moving on Everyone I do right does me wrong So every lonely night I sing this song [Olivia O'Brien and Gnash:] I hate you, I love you, I hate that I love you Don't want to but I can't put nobody else above you I hate you, I love you, I hate that I want you You want her, you need her And I'll never be her [Olivia O'Brien and Gnash:] All alone I watch you watch her Like she's the only girl you've ever seen You don't care you never did You don't give a damn about me Yeah, all alone I watch you watch her She is the only thing you ever see How is it you never notice That you are slowly killing me? [Olivia O'Brien:] I hate you, I love you, I hate that I love you Don't want to but I can't put nobody else above you I hate you, I love you I hate that I want you You want her, you need her And I'll never be her ",0.492,0.275,6,-13.4,0,0.3,0.687,0,0.101,0.18,92.6,audio_features,7vRriwrloYVaoAe3a9wJHe,https://api.spotify.com/v1/tracks/7vRriwrloYVaoAe3a9wJHe,https://api.spotify.com/v1/audio-analysis/7vRriwrloYVaoAe3a9wJHe,251034,4
94,Starving,Hailee Steinfeld Grey Zedd,,0.724,0.628,4,-4.219,1,0.0962,0.409,0,0.105,0.508,99.898,audio_features,2zDt2TfQbxiSPjTVJTgbwz,https://api.spotify.com/v1/tracks/2zDt2TfQbxiSPjTVJTgbwz,https://api.spotify.com/v1/audio-analysis/2zDt2TfQbxiSPjTVJTgbwz,181880,4
44,Let It Go,James Bay,,0.546,0.311,1,-10.396,1,0.0288,0.818,1.65E-05,0.107,0.263,147.464,audio_features,3nnG7AM9QopHVPEuLX3Khk,https://api.spotify.com/v1/tracks/3nnG7AM9QopHVPEuLX3Khk,https://api.spotify.com/v1/audio-analysis/3nnG7AM9QopHVPEuLX3Khk,260533,4
55,oui,Jeremih,,0.41,0.726,5,-3.845,1,0.15,0.203,0,0.107,0.571,77.226,audio_features,4sw7dHjD6EsGs0d57AHgdy,https://api.spotify.com/v1/tracks/4sw7dHjD6EsGs0d57AHgdy,https://api.spotify.com/v1/audio-analysis/4sw7dHjD6EsGs0d57AHgdy,238320,5
1,Love Yourself,Justin Bieber,"For all the times that you rain on my parade And all the clubs you get in using my name You think you broke my heart, oh, girl for goodness' sake You think I'm crying on my own. Well, I ain't And I didn't wanna write a song 'Cause I didn't want anyone thinking I still care. I don't But you still hit my phone up And, baby, I'll be movin' on And I think you should be somethin' I don't wanna hold back Maybe you should know that My mama don't like you and she likes everyone And I never like to admit that I was wrong And I've been so caught up in my job Didn't see what's going on But now I know I'm better sleeping on my own 'Cause if you like the way you look that much Oh, baby, you should go and love yourself And if you think that I'm still holdin' on to somethin' You should go and love yourself And when you told me that you hated my friends The only problem was with you and not them And every time you told me my opinion was wrong And tried to make me forget where I came from And I didn't wanna write a song 'Cause I didn't want anyone thinking I still care. I don't But you still hit my phone up And, baby, I'll be movin' on And I think you should be somethin' I don't wanna hold back Maybe you should know that My mama don't like you and she likes everyone And I never like to admit that I was wrong And I've been so caught up in my job Didn't see what's going on But now I know I'm better sleeping on my own 'Cause if you like the way you look that much Oh, baby, you should go and love yourself And if you think that I'm still holdin' on to somethin' You should go and love yourself For all the times that you made me feel small I fell in love. Now I feel nothin' at all And never felt so low when I was vulnerable Was I a fool to let you break down my walls? 'Cause if you like the way you look that much Oh, baby, you should go and love yourself And if you think that I'm still holdin' on to somethin' You should go and love yourself 'Cause if you like the way you look that much Oh, baby, you should go and love yourself And if you think (you think) that I'm (that I'm) still holdin' on (holdin' on) to somethin' You should go and love yourself",0.609,0.378,4,-9.828,1,0.438,0.835,0,0.28,0.529,100.418,audio_features,3hB5DgAiMAQ4DzYbsMq1IT,https://api.spotify.com/v1/tracks/3hB5DgAiMAQ4DzYbsMq1IT,https://api.spotify.com/v1/audio-analysis/3hB5DgAiMAQ4DzYbsMq1IT,233720,4
2,Sorry,Justin Bieber,"You gotta go and get angry at all of my honesty You know I try but I don't do too well with apologies I hope I don't run out of time. Could someone call a referee? 'Cause I just need one more shot at forgiveness I know you know that I made those mistakes maybe once or twice And by once or twice I mean maybe a couple of hundred times So let me, oh, let me redeem, oh, redeem, oh, myself tonight 'Cause I just need one more shot, second chances Yeah Is it too late now to say sorry? 'Cause I'm missing more than just your body, oh Is it too late now to say sorry? Yeah, I know-oh-oh, that I let you down Is it too late to say I'm sorry now? I'm sorry yeah Sorry yeah Sorry Yeah, I know that I let you down Is it too late to say I'm sorry now? I'll take every single piece of the blame if you want me to But you know that there is no innocent one in this game for two I'll go, I'll go and then you go, you go out and spill the truth Can we both say the words and forget this? Yeah Is it too late now to say sorry? 'Cause I'm missing more than just your body, oh Is it too late now to say sorry? Yeah, I know-oh-oh, that I let you down Is it too late to say I'm sorry now? I'm not just trying to get you back on me (oh, no, no) 'Cause I'm missing more than just your body (your body), oh Is it too late now to say sorry? Yeah, I know-oh-oh, that I let you down Is it too late to say I'm sorry now? [2x] I'm sorry yeah Sorry, oh Sorry Yeah, I know-oh-oh, that I let you down (let you down) Is it too late to say I'm sorry now?",0.654,0.76,0,-3.669,0,0.045,0.0797,0,0.299,0.393,99.945,audio_features,69bp2EbF7Q2rqc5N3ylezZ,https://api.spotify.com/v1/tracks/69bp2EbF7Q2rqc5N3ylezZ,https://api.spotify.com/v1/audio-analysis/69bp2EbF7Q2rqc5N3ylezZ,200787,4
31,What Do You Mean?,Justin Bieber,"What do you mean? Ohh ohh ohh When you nod your head yes But you wanna say no What do you mean? Hey yeah When you don't want me to move But you tell me to go What do you mean? Ohh What do you mean? Said we're running out of time What do you mean? Ohh ohh ohh What do you mean? Better make up your mind What do you mean? You're so indecisive of what I'm saying Tryna catch the beat, make up your heart Don't know if you're happy or complaining Don't want for us to end Where do I start First you wanna go to the left and you want to turn right Wanna argue all day, make love all night First you're up then you're down and then between Ohh I really want to know... What do you mean? Ohh ohh ohh When you nod your head yes But you wanna say no What do you mean? Hey yeah When you don't want me to move But you tell me to go What do you mean? Ohh What do you mean? Said we're running out of time What do you mean? Ohh ohh ohh What do you mean? Better make up your mind What do you mean? You're overprotective when I'm leaving Tryna compromise but I can't win You wanna make a point but you keep preaching You had me from the start, won't let this end First you wanna go to the left then you want to turn right Wanna argue all day, make love all night First you're up then you're down and then between Ohh I really wanna know... What do you mean? Ohh ohh ohh When you nod your head yes But you wanna say no What do you mean? Hey yeah When you don't want me to move But you tell me to go What do you mean? I want to know... Oh What do you mean? Ohhh Said we're running out of time What do you mean? (Oh baby) Ohh ohh ohh What do you mean? Better make up your mind What do you mean? Ohh ohh ohh (This is ours baby, yeah) When you nod your head yes But you wanna say no What do you mean? (You're so confusing baby) Hey yeah When you don't want me to move But you tell me to go What do you mean? (Be more straight forward) Ohh What do you mean? (Give it back back back) Said we're running out of time What do you mean? (Give it back back back) Ohh ohh ohh What do you mean? Better make up your mind What do you mean?",0.845,0.567,5,-8.118,0,0.0956,0.59,0.00142,0.0811,0.794,125.02,audio_features,3pzjHKrQSvXGHQ98dx18HI,https://api.spotify.com/v1/tracks/3pzjHKrQSvXGHQ98dx18HI,https://api.spotify.com/v1/audio-analysis/3pzjHKrQSvXGHQ98dx18HI,205680,4
9,"CAN'T STOP THE FEELING! (Original Song from DreamWorks Animation's ""TROLLS"")",Justin Timberlake,"I got this feeling inside my bones It goes electric, wavy when I turn it on All through my city, all through my home We're flying up, no ceiling, when we're in our zone I got that sunshine in my pocket Got that good soul in my feet I feel that hot blood in my body when it drops, ooh I can't take my eyes up off it, moving so phenomenally Room on lock the way we rock it, so don't stop And under the lights when everything goes Nowhere to hide when I'm getting you close When we move, well, you already know So just imagine, just imagine, just imagine Nothing I can see but you when you dance, dance, dance Feeling good, good, creeping up on you So just dance, dance, dance, come on All those things I shouldn't do But you dance, dance, dance And ain't nobody leaving soon, so keep dancing I can't stop the feeling So just dance, dance, dance I can't stop the feeling So just dance, dance, dance, come on Ooh, it's something magical It's in the air, it's in my blood, it's rushing on Don't need no reason, don't need control I fly so high, no ceiling, when I'm in my zone 'Cause I got that sunshine in my pocket Got that good soul in my feet I feel that hot blood in my body when it drops, ooh I can't take my eyes up off it, moving so phenomenally Room on lock the way we rock it, so don't stop And under the lights when everything goes Nowhere to hide when I'm getting you close When we move, well, you already know So just imagine, just imagine, just imagine Nothing I can see but you when you dance, dance, dance Feeling good, good, creeping up on you So just dance, dance, dance, come on All those things I shouldn't do But you dance, dance, dance And ain't nobody leaving soon, so keep dancing I can't stop the feeling So just dance, dance, dance I can't stop the feeling So just dance, dance, dance I can't stop the feeling So just dance, dance, dance I can't stop the feeling So keep dancing, come on [Bridge:] I can't stop the, I can't stop the I can't stop the, I can't stop the I can't stop the feeling Nothing I can see but you when you dance, dance, dance (I can't stop the feeling) Feeling good, good, creeping up on you So just dance, dance, dance, come on (I can't stop the feeling) All those things I shouldn't do But you dance, dance, dance (I can't stop the feeling) And ain't nobody leaving soon, so keep dancing Everybody sing (I can't stop the feeling) Got this feeling in my body (I can't stop the feeling) Got this feeling in my body (I can't stop the feeling) Wanna see you move your body (I can't stop the feeling) Got this feeling in my body Break it down Got this feeling in my body Can't stop the feeling Got this feeling in my body, come on",0.667,0.83,0,-5.715,1,0.0749,0.0123,0,0.191,0.716,113.03,audio_features,6JV2JOEocMgcZxYSZelKcc,https://api.spotify.com/v1/tracks/6JV2JOEocMgcZxYSZelKcc,https://api.spotify.com/v1/audio-analysis/6JV2JOEocMgcZxYSZelKcc,236002,4
48,Don't Mind,Kent Jones,,0.464,0.771,8,-4.503,1,0.336,0.0235,0,0.063,0.678,158.777,audio_features,27PmvZoffODNFW2p7ehZTQ,https://api.spotify.com/v1/tracks/27PmvZoffODNFW2p7ehZTQ,https://api.spotify.com/v1/audio-analysis/27PmvZoffODNFW2p7ehZTQ,198237,4
57,2 Phones,Kevin Gates,,0.895,0.681,7,-5.267,0,0.358,0.157,0,0.189,0.547,121.918,audio_features,0wdKiSBUT7aZkXUIdJWcwC,https://api.spotify.com/v1/tracks/0wdKiSBUT7aZkXUIdJWcwC,https://api.spotify.com/v1/audio-analysis/0wdKiSBUT7aZkXUIdJWcwC,240000,4
92,Really Really,Kevin Gates,,0.762,0.666,0,-6.055,1,0.0916,0.00427,0,0.127,0.273,118.97,audio_features,10I3CmmwT0BkOVhduDy53o,https://api.spotify.com/v1/tracks/10I3CmmwT0BkOVhduDy53o,https://api.spotify.com/v1/audio-analysis/10I3CmmwT0BkOVhduDy53o,232093,4
52,Gold,Kiiara,"Roof is falling let me love me falling I just know [3x] Roof is falling let me love me Gold up in my, gold up in my teeth (gold up, gold up in my teeth) Don't care what you say to me, I'mma bite your feelings out (gold up in my teeth) I missed you in the basement (gold up in my teeth) But your brother was a good substitute for you And if you love me, love me but you never let me go When the roof was on fire, you never let me know Say you're sorry honey, but you never really show And I could leave the party without ever letting you know Without ever letting you know [3x:] Roof is falling let me love me falling I just know Roof is falling let me love me without ever letting you know Roof is falling let me love me falling I just know Without ever letting you know Gold up in my, gold up in my teeth (gold up, gold up in my teeth) Taste like money when I speak (gold up, gold up in my teeth) And I missed you in the basement (yeah, gold up in my teeth) Bodies on the pavement (oh, gold up in my teeth) And if you love me, love me but you never let me go When the roof was on fire, you never let me know Say you're sorry honey, but you never really show And I could leave the party without ever letting you know Without ever letting you know [3x:] Roof is falling let me love me falling I just know Roof is falling let me love me without ever letting you know Roof is falling let me love me falling I just know Without ever letting you know Gold up in my, gold up in my teeth (gold up, gold up in my teeth) Taste like money when I speak (gold up, gold up in my teeth) And I missed you in the basement (yeah, gold up in my teeth) Bodies on the pavement (oh, gold up in my teeth) And if you love me, love me but you never let me go When the roof was on fire, you never let me know Say you're sorry honey, but you never really show And I could leave the party without ever letting you know Without ever letting you know [3x:] Roof is falling let me love me falling I just know Roof is falling let me love me without ever letting you know Roof is falling let me love me falling I just know Without ever letting you know",0.6,0.412,8,-9.343,1,0.344,0.615,0.0025,0.134,0.409,113.049,audio_features,6ZSO7kPn8IMJFymyticbJO,https://api.spotify.com/v1/tracks/6ZSO7kPn8IMJFymyticbJO,https://api.spotify.com/v1/audio-analysis/6ZSO7kPn8IMJFymyticbJO,225882,5
68,"Sucker For Pain (with Wiz Khalifa, Imagine Dragons, Logic & Ty Dolla $ign feat. X Ambassadors)",Lil Wayne Wiz Khalifa Imagine Dragons Logic Ty Dolla $ign X Ambassadors,"[Dan Reynolds & Sam Harris:] I torture you Take my hand through the flames I torture you I'm a slave to your games I'm just a sucker for pain I wanna chain you up I wanna tie you down I'm just a sucker for pain [Ty Dolla $ign:] I'm a sucker for pain I got the squad tatted on me from my neck to my ankles Pressure from the man got us all in rebellion We gon' go to war, yeah, without failure Do it for the fam, dog, ten toes down, dog Love and the loyalty that's what we stand for Alienated by society, all this pressure give me anxiety Walk slow through the fire Like, who gon' try us? Feeling the world go against us So we put the world on our shoulders [Dan Reynolds & Sam Harris:] I torture you Take my hand through the flames I torture you I'm a slave to your games I'm just a sucker for pain I wanna chain you up I wanna tie you down I'm just a sucker for pain [Logic:] I been at it with my homies It don't matter, you don't know me I been rollin' with my team, we the illest on the scene I been riding 'round the city with my squad I been riding 'round the city with my squad We just posted, getting crazy, living like this is so amazing Hold up take a step back, when we roll up, cause I know what We been loyal, we been fam, we the ones you trust in Won't hesitate to go straight to your head like a concussion I know I been bustin', no discussion for my family No hesitation, through my scope I see my enemy Like what's up? Hold up, we finna re-load up Yes I re-load up, I know what up, I know what up [Dan Reynolds & Sam Harris:] I torture you Take my hand through the flames I torture you I'm a slave to your games I'm just a sucker for pain I wanna chain you up I wanna tie you down I'm just a sucker for pain [Lil Wayne:] I'm devoted to destruction A full dosage of detrimental dysfunction I'm dying slow but the devil tryna rush me See I'm a fool for pain, I'm a dummy Might cut my head off right after I slit my throat Tongue kiss a shark, got jealous bitches up in the boat Eating peanut butter and jelly fishes on toast And if I get stung I get stoked, might choke Like I chewed a chunk of charcoal Naked in the North Pole That's why my heart cold, full of sorrow, the lost soul And only Lord knows when I'm coming to the crossroads So I don't fear shit but tomorrow And I'm a sucker for pain, it ain't nothing but pain You just fuckin' complain, you ain't tough as you claim Just stay up in your lane, just don't fuck with Lil Wayne I'mma jump from a plane or stand in front of a train Cause I'm a sucker for pain [Wiz Khalifa:] Used to doing bad, now we feel like we just now getting it Ain't got no other way so we started and finished it No pain, no gain Never stand down, made our own way Never going slow, we pick up the pace This is what we wanted from a young age No emotion, that's what business is Lord have mercy on the witnesses [Dan Reynolds & Sam Harris:] I torture you Take my hand through the flames I torture you I'm just a sucker for pain [Sam Harris:] More pain Got me begging, begging, begging, begging, begging, begging For more pain Got me begging, begging, begging, begging, begging, begging For more pain Got me begging, begging, begging, begging, begging, begging For more pain Got me begging...",0.502,0.786,9,-4.378,0,0.317,0.255,0,0.65,0.734,169.021,audio_features,4dASQiO1Eoo3RJvt74FtXB,https://api.spotify.com/v1/tracks/4dASQiO1Eoo3RJvt74FtXB,https://api.spotify.com/v1/audio-analysis/4dASQiO1Eoo3RJvt74FtXB,243491,4
12,7 Years,Lukas Graham,"Once I was seven years old, my mama told me ""Go make yourself some friends or you'll be lonely"" Once I was seven years old It was a big big world, but we thought we were bigger Pushing each other to the limits, we were learning quicker By eleven smoking herb and drinking burning liquor Never rich so we were out to make that steady figure Once I was eleven years old, my daddy told me ""Go get yourself a wife or you'll be lonely"" Once I was eleven years old I always had that dream, like my daddy before me So I started writing songs, I started writing stories Something about that glory just always seemed to bore me 'Cause only those I really love will ever really know me Once I was twenty years old, my story got told Before the morning sun, when life was lonely Once I was twenty years old (Lukas Graham!) I only see my goals, I don't believe in failure 'Cause I know the smallest voices, they can make it major I got my boys with me, at least those in favor And if we don't meet before I leave, I hope I'll see you later Once I was twenty years old, my story got told I was writing 'bout everything I saw before me Once I was twenty years old Soon we'll be thirty years old, our songs have been sold We've traveled around the world and we're still roaming Soon we'll be thirty years old I'm still learning about life My woman brought children for me So I can sing them all my songs And I can tell them stories Most of my boys are with me Some are still out seeking glory And some I had to leave behind My brother, I'm still sorry Soon I'll be sixty years old, my daddy got sixty-one Remember life, and then your life becomes a better one I made a man so happy when I wrote a letter once I hope my children come and visit once or twice a month Soon I'll be sixty years old, will I think the world is cold Or will I have a lot of children who can warm me? Soon I'll be sixty years old Soon I'll be sixty years old, will I think the world is cold Or will I have a lot of children who can warm me? Soon I'll be sixty years old Once I was seven years old, my mama told me ""Go make yourself some friends or you'll be lonely"" Once I was seven years old Once I was seven years old ",0.765,0.473,10,-5.829,1,0.0514,0.287,0,0.391,0.343,119.992,audio_features,5kqIPrATaCc2LqxVWzQGbk,https://api.spotify.com/v1/tracks/5kqIPrATaCc2LqxVWzQGbk,https://api.spotify.com/v1/audio-analysis/5kqIPrATaCc2LqxVWzQGbk,237300,4
25,Cold Water (feat. Justin Bieber & MØ),Major Lazer Justin Bieber MØ,"[Justin Bieber:] Everybody gets high sometimes, you know What else can we do when we're feeling low? So take a deep breath and let it go You shouldn't be drowning on your own And if you feel you're sinking, I will jump right over into cold, cold water for you And although time may take us into different places I will still be patient with you And I hope you know I won't let go I'll be your lifeline tonight I won't let go I'll be your lifeline tonight Cause we all get lost sometimes, you know? It's how we learn and how we grow And I wanna lay with you 'til I'm old You shouldn't be fighting on your own And if you feel you're sinking, I will jump right over into cold, cold water for you And although time may take us into different places I will still be patient with you And I hope you know I won't let go (I won't let go, no, no, no, no, no, no) I'll be your lifeline tonight I won't let go I'll be your lifeline tonight [MØ:] Come on, come on Save me from my rocking boat I just want to stay afloat I'm all alone And I hope, I hope Someone's gonna take me home Somewhere I can rest my soul I need to know [Justin Bieber & MØ:] You won't let go (I won't let go, no, no, no, no, no, no) I'll be your lifeline tonight You won't let go I'll be your lifeline tonight [Justin Bieber:] I won't let go I won't let go",0.608,0.798,6,-5.092,0,0.0432,0.0736,0,0.156,0.488,92.943,audio_features,6DNtNfH8hXkqOX1sjqmI7p,https://api.spotify.com/v1/tracks/6DNtNfH8hXkqOX1sjqmI7p,https://api.spotify.com/v1/audio-analysis/6DNtNfH8hXkqOX1sjqmI7p,185352,4
85,Lean On (feat. MØ & DJ Snake),Major Lazer MØ DJ Snake,,0.723,0.809,7,-3.081,0,0.0625,0.00346,0.00123,0.565,0.271,98.007,audio_features,4WjH9Bzt3kx7z8kl0awxh4,https://api.spotify.com/v1/tracks/4WjH9Bzt3kx7z8kl0awxh4,https://api.spotify.com/v1/audio-analysis/4WjH9Bzt3kx7z8kl0awxh4,176561,4
45,NO,Meghan Trainor,"I think it's so cute and I think it's so sweet How you let your friends encourage you to try and talk to me But let me stop you there, oh, before you speak ""Nah"" to the ""Ah"" to the ""No"", ""No"", ""No"" My name is ""No"" My sign is ""No"" My number is ""No"" You need to let it go You need to let it go Need to let it go ""Nah"" to the ""Ah"" to the ""No"", ""No"", ""No"" My name is ""No"" My sign is ""No"" My number is ""No"" You need to let it go You need to let it go Need to let it go ""Nah"" to the ""Ah"" to the ""No"", ""No"", ""No"" First you gonna say You ain't runnin' game, Thinkin' I'm believing every word Call me beautiful, So original, Telling me I'm not like other girls I was in my zone Before you came along, Now I'm thinking maybe you should go Blah, blah, blah, I be like ""Nah"" to the ""Ah"" to the ""No"", ""No"", ""No"" All my ladies, listen up If that boy ain't giving up Lick your lips and swing your hips Girl, all you gotta say is... My name is ""No"" My sign is ""No"" My number is ""No"" You need to let it go You need to let it go Need to let it go ""Nah"" to the ""Ah"" to the ""No"", ""No"", ""No"" My name is ""No"" My sign is ""No"" My number is ""No"" You need to let it go You need to let it go Need to let it go ""Nah"" to the ""Ah"" to the ""No"", ""No"", ""No"" Thank you in advance, I don't wanna dance (nope) I don't need your hands all over me If I want a man, Then I'mma get a man But it's never my priority I was in my zone, Before you came along, Don't want you to take this personal Blah, blah, blah, I be like ""Nah"" to the ""Ah"" to the ""No"", ""No"", ""No"" All my ladies, listen up If that boy ain't giving up Lick your lips and swing your hips Girl, all you gotta say is... My name is ""No"" My sign is ""No"" My number is ""No"" You need to let it go You need to let it go Need to let it go ""Nah"" to the ""Ah"" to the ""No"", ""No"", ""No"" My name is ""No"" My sign is ""No"" My number is ""No"" You need to let it go You need to let it go Need to let it go ""Nah"" to the ""Ah"" to the ""No"", ""No"", ""No"" I'm feeling untouchable, untouchable I'm feeling untouchable, untouchable I'm feeling untouchable, untouchable I'm feeling (""Nah"" to the ""Ah"" to the ""No"", ""No"", ""No"") I'm feeling untouchable, untouchable I'm feeling untouchable, untouchable I'm feeling untouchable, untouchable I'm feeling (""Nah"" to the ""Ah"" to the ""No"", ""No"", ""No"") All my ladies, listen up If that boy ain't giving up Lick your lips and swing your hips Girl, all you gotta say is... My name is ""No"" My sign is ""No"" My number is ""No"" You need to let it go You need to let it go Need to let it go ""Nah"" to the ""Ah"" to the ""No"", ""No"", ""No"" My name is ""No"" My sign is ""No"" My number is ""No"" You need to let it go You need to let it go Need to let it go ""Nah"" to the ""Ah"" to the ""No"", ""No"", ""No"" I'm feeling untouchable, untouchable I'm feeling untouchable, untouchable I'm feeling untouchable, untouchable I'm feeling ""Nah"" to the ""Ah"" to the ""No"", ""No"", ""No"", ""No""",0.557,0.801,1,-3.602,0,0.218,0.0125,1.66E-06,0.737,0.645,92.135,audio_features,0l0CvurVUrr2w3Jj1hOVFc,https://api.spotify.com/v1/tracks/0l0CvurVUrr2w3Jj1hOVFc,https://api.spotify.com/v1/audio-analysis/0l0CvurVUrr2w3Jj1hOVFc,213507,4